{
	"description": "项目配置文件。",
	"packOptions": {
		"ignore": []
	},
	"setting": {
		"urlCheck": false,
		"es6": true,
		"postcss": true,
		"minified": true,
		"newFeature": true
	},
	"compileType": "miniprogram",
	"libVersion": "2.0.8",
	"appid": "wxf8602629bca3f528",
	"projectname": "csu-help",
	"isGameTourist": false,
	"condition": {
		"search": {
			"current": -1,
			"list": []
		},
		"conversation": {
			"current": -1,
			"list": []
		},
		"plugin": {
			"current": -1,
			"list": []
		},
		"game": {
			"currentL": -1,
			"list": []
		},
		"miniprogram": {
			"current": -1,
			"list": [
				{
					"id": -1,
					"name": "user_index",
					"pathName": "pages/user/user",
					"query": ""
				},
				{
					"id": -1,
					"name": "es_bind",
					"pathName": "pages/esbind/esbind",
					"query": ""
				},
				{
					"id": -1,
					"name": "setting",
					"pathName": "pages/setting/setting",
					"query": ""
				},
				{
					"id": -1,
					"name": "schedule",
					"pathName": "pages/schedule/schedule",
					"query": ""
				},
				{
					"id": -1,
					"name": "grade",
					"pathName": "pages/grade/grade",
					"query": ""
				},
				{
					"id": -1,
					"name": "cet",
					"pathName": "pages/cet/cet",
					"query": ""
				},
				{
					"id": -1,
					"name": "room_search",
					"pathName": "pages/room/search/search",
					"query": ""
				},
				{
					"id": -1,
					"name": "room_result",
					"pathName": "pages/room/result/result",
					"query": ""
				},
				{
					"id": -1,
					"name": "bus",
					"pathName": "pages/bus/bus",
					"query": ""
				}
			]
		}
	}
}